-- MySQL dump
-- Host: localhost    Database: xj_dev
-- Generated by Python script

SET NAMES utf8mb4;
SET FOREIGN_KEY_CHECKS = 0;

--
-- Table structure for table `key_task`
--
DROP TABLE IF EXISTS `key_task`;
CREATE TABLE `key_task` (
  `id` bigint NOT NULL AUTO_INCREMENT,
  `main_domain` varchar(100) NOT NULL COMMENT '主要领域',
  `task_name` varchar(200) NOT NULL COMMENT '重点任务名称',
  `specific_measures` text COMMENT '具体举措',
  `expected_effect` text COMMENT '预期实现效果',
  `keyword1` varchar(50) DEFAULT NULL COMMENT '关键词1',
  `keyword2` varchar(50) DEFAULT NULL COMMENT '关键词2',
  `keyword3` varchar(50) DEFAULT NULL COMMENT '关键词3',
  `deliverables` text COMMENT '标志成果或交付物',
  `lead_department` varchar(100) NOT NULL COMMENT '牵头部门',
  `lead_person` varchar(50) NOT NULL COMMENT '牵头人',
  `planned_start_date` date NOT NULL COMMENT '计划开始时间',
  `planned_end_date` date NOT NULL COMMENT '计划完成时间',
  `create_time` datetime DEFAULT CURRENT_TIMESTAMP COMMENT '创建时间',
  `update_time` datetime DEFAULT CURRENT_TIMESTAMP ON UPDATE CURRENT_TIMESTAMP COMMENT '更新时间',
  `create_by` varchar(50) DEFAULT NULL COMMENT '创建人',
  `update_by` varchar(50) DEFAULT NULL COMMENT '更新人',
  `deleted` tinyint DEFAULT '0' COMMENT '逻辑删除标记',
  PRIMARY KEY (`id`),
  KEY `idx_main_domain` (`main_domain`),
  KEY `idx_lead_department` (`lead_department`),
  KEY `idx_lead_person` (`lead_person`),
  KEY `idx_planned_dates` (`planned_start_date`,`planned_end_date`)
) ENGINE=InnoDB AUTO_INCREMENT=13 DEFAULT CHARSET=utf8mb4 COLLATE=utf8mb4_0900_ai_ci COMMENT='重点任务表';

--
-- Dumping data for table `key_task`
--
LOCK TABLES `key_task` WRITE;
INSERT INTO `key_task` VALUES (10, '数字化转型', '企业级数据中台建设', '1. 构建统一数据采集体系
2. 建立数据治理框架
3. 开发数据服务接口', '实现数据资产化管理，提供统一数据服务', '数据中台', '数据治理', '数字化转型', '数据中台平台、数据治理规范文档', '信息技术部', 'admin', '2026-01-01', '2026-12-31', '2026-02-27 00:00:00', '2026-02-27 00:00:00', NULL, NULL, 0);
INSERT INTO `key_task` VALUES (11, '产品创新', '新一代智能产品研发', '1. 市场调研与需求分析
2. 产品原型设计
3. 技术方案验证
4. 小批量试产', '推出具有市场竞争力的智能产品，提升品牌影响力', '智能产品', '产品创新', '研发', '产品原型、技术方案、试产报告', '研发部', 'admin', '2026-03-01', '2026-09-30', '2026-02-27 00:00:00', '2026-02-27 00:00:00', NULL, NULL, 0);
INSERT INTO `key_task` VALUES (12, '市场拓展', '华东区域市场开发', '1. 建立区域销售团队
2. 发展渠道合作伙伴
3. 开展品牌推广活动', '实现华东区域市场占有率提升15%', '市场拓展', '区域开发', '销售', '销售团队建设方案、渠道合作协议、品牌推广计划', '市场部', 'admin', '2026-02-01', '2026-08-31', '2026-02-27 00:00:00', '2026-02-27 00:00:00', NULL, NULL, 0);
UNLOCK TABLES;

--
-- Table structure for table `sys_menu`
--
DROP TABLE IF EXISTS `sys_menu`;
CREATE TABLE `sys_menu` (
  `id` bigint NOT NULL AUTO_INCREMENT,
  `menu_name` varchar(50) NOT NULL,
  `menu_type` tinyint NOT NULL,
  `parent_id` bigint DEFAULT '0',
  `path` varchar(200) DEFAULT NULL,
  `component` varchar(200) DEFAULT NULL,
  `icon` varchar(100) DEFAULT NULL,
  `permission` varchar(100) DEFAULT NULL,
  `sort` int DEFAULT '0',
  `status` tinyint DEFAULT '1',
  `deleted` tinyint DEFAULT '0',
  `create_time` datetime DEFAULT CURRENT_TIMESTAMP,
  `update_time` datetime DEFAULT CURRENT_TIMESTAMP ON UPDATE CURRENT_TIMESTAMP,
  PRIMARY KEY (`id`),
  KEY `idx_parent_id` (`parent_id`),
  KEY `idx_status` (`status`)
) ENGINE=InnoDB AUTO_INCREMENT=125 DEFAULT CHARSET=utf8mb4 COLLATE=utf8mb4_0900_ai_ci;

--
-- Dumping data for table `sys_menu`
--
LOCK TABLES `sys_menu` WRITE;
INSERT INTO `sys_menu` VALUES (1, '任务管理', 0, 0, '/task', 'Layout', 'el-icon-s-claim', 'task:manage:list', 1, 1, 0, '2026-02-26 17:06:04', '2026-02-26 17:06:04');
INSERT INTO `sys_menu` VALUES (2, '系统管理', 0, 0, '/system', 'Layout', 'el-icon-setting', '', 2, 1, 0, '2026-02-26 17:06:04', '2026-02-26 17:06:04');
INSERT INTO `sys_menu` VALUES (3, '个人中心', 0, 0, '/profile', 'Layout', 'el-icon-user', 'system:profile:list', 3, 1, 0, '2026-02-26 17:06:04', '2026-02-26 17:06:04');
INSERT INTO `sys_menu` VALUES (4, '公告管理', 0, 0, '/notice', 'Layout', 'el-icon-bell', 'system:notice:list', 4, 1, 0, '2026-02-26 17:06:04', '2026-02-26 17:06:04');
INSERT INTO `sys_menu` VALUES (5, '后台管理', 0, 0, '/admin', 'Layout', 'el-icon-monitor', 'system:admin:list', 5, 1, 0, '2026-02-26 17:06:04', '2026-02-26 17:06:04');
INSERT INTO `sys_menu` VALUES (6, '评价管理', 0, 0, '/evaluation', 'Layout', 'el-icon-star-on', 'evaluation:manage:list', 6, 1, 0, '2026-02-26 17:06:04', '2026-02-26 17:06:04');
INSERT INTO `sys_menu` VALUES (7, '周报管理', 0, 0, '/weekly', 'Layout', 'el-icon-notebook-2', 'weekly:manage:list', 7, 1, 0, '2026-02-26 17:06:04', '2026-02-26 17:06:04');
INSERT INTO `sys_menu` VALUES (11, '重点任务', 1, 1, 'key', 'ParentView', 'el-icon-s-flag', 'task:key:list', 1, 1, 0, '2026-02-26 17:06:04', '2026-02-26 17:06:04');
INSERT INTO `sys_menu` VALUES (12, '项目工作', 1, 1, 'project', 'ParentView', 'el-icon-s-management', 'task:project:list', 2, 1, 0, '2026-02-26 17:06:04', '2026-02-26 17:06:04');
INSERT INTO `sys_menu` VALUES (21, '用户管理', 1, 2, '/system/user', 'system/user/index', 'el-icon-user', 'system:user:list', 1, 1, 0, '2026-02-26 17:06:04', '2026-02-26 17:06:04');
INSERT INTO `sys_menu` VALUES (22, '机构管理', 1, 2, '/system/org', 'system/org/index', 'el-icon-office-building', 'system:org:list', 2, 1, 0, '2026-02-26 17:06:04', '2026-02-26 17:06:04');
INSERT INTO `sys_menu` VALUES (23, '角色管理', 1, 2, '/system/role', 'system/role/index', 'el-icon-s-custom', 'system:role:list', 3, 1, 0, '2026-02-26 17:06:04', '2026-02-26 17:06:04');
INSERT INTO `sys_menu` VALUES (24, '菜单管理', 1, 2, '/system/menu', 'system/menu/index', 'el-icon-menu', 'system:menu:list', 4, 1, 0, '2026-02-26 17:06:04', '2026-02-26 17:06:04');
INSERT INTO `sys_menu` VALUES (111, '任务看板', 1, 11, 'board', 'task/key/board/index', 'el-icon-data-board', 'task:key:board', 1, 1, 0, '2026-02-26 17:06:04', '2026-02-26 17:06:04');
INSERT INTO `sys_menu` VALUES (112, '任务列表', 1, 11, 'list', 'task/key/list/index', 'el-icon-tickets', 'task:key:list', 2, 1, 0, '2026-02-26 17:06:04', '2026-02-26 17:06:04');
INSERT INTO `sys_menu` VALUES (113, '批量导入', 1, 11, 'import', 'task/key/import/index', 'el-icon-upload2', 'task:key:import', 3, 1, 0, '2026-02-26 17:06:04', '2026-02-26 17:06:04');
INSERT INTO `sys_menu` VALUES (121, '项目看板', 1, 12, 'board', 'task/project/board/index', 'el-icon-data-analysis', 'task:project:board', 1, 1, 0, '2026-02-26 17:06:04', '2026-02-26 17:06:04');
INSERT INTO `sys_menu` VALUES (122, '项目管理', 1, 12, 'manage', 'task/project/manage/index', 'el-icon-notebook-1', 'task:project:manage', 2, 1, 0, '2026-02-26 17:06:04', '2026-02-26 17:06:04');
INSERT INTO `sys_menu` VALUES (123, '项目经理管理', 1, 12, 'pm', 'task/project/pm/index', 'el-icon-s-custom', 'task:project:pm', 3, 1, 0, '2026-02-26 17:06:04', '2026-02-26 17:06:04');
INSERT INTO `sys_menu` VALUES (124, '项目维护', 1, 12, 'maintain', 'task/project/maintain/index', 'el-icon-set-up', 'task:project:maintain', 4, 1, 0, '2026-02-26 17:06:04', '2026-02-26 17:06:04');
UNLOCK TABLES;

--
-- Table structure for table `sys_org`
--
DROP TABLE IF EXISTS `sys_org`;
CREATE TABLE `sys_org` (
  `id` bigint NOT NULL AUTO_INCREMENT,
  `org_name` varchar(100) NOT NULL,
  `org_code` varchar(50) NOT NULL,
  `parent_id` bigint DEFAULT '0',
  `org_level` int DEFAULT '1',
  `sort` int DEFAULT '0',
  `status` tinyint DEFAULT '1',
  `deleted` tinyint DEFAULT '0',
  `create_time` datetime DEFAULT CURRENT_TIMESTAMP,
  `update_time` datetime DEFAULT CURRENT_TIMESTAMP ON UPDATE CURRENT_TIMESTAMP,
  PRIMARY KEY (`id`),
  UNIQUE KEY `org_code` (`org_code`),
  KEY `idx_org_code` (`org_code`),
  KEY `idx_parent_id` (`parent_id`),
  KEY `idx_status` (`status`)
) ENGINE=InnoDB AUTO_INCREMENT=8 DEFAULT CHARSET=utf8mb4 COLLATE=utf8mb4_0900_ai_ci;

--
-- Dumping data for table `sys_org`
--
LOCK TABLES `sys_org` WRITE;
INSERT INTO `sys_org` VALUES (1, '北京分行', 'BJB', 0, 1, 1, 1, 0, '2026-02-26 17:06:04', '2026-02-26 17:06:04');
INSERT INTO `sys_org` VALUES (2, '科技与产品管理部', 'bj-kjycpglb', 1, 2, 1, 1, 0, '2026-02-26 17:06:04', '2026-02-26 17:06:04');
INSERT INTO `sys_org` VALUES (3, '信息技术部', 'ITD', 1, 2, 2, 1, 1, '2026-02-26 17:06:04', '2026-02-26 17:21:50');
INSERT INTO `sys_org` VALUES (4, '产品规划部', 'bj-cpghb', 2, 3, 1, 1, 0, '2026-02-26 17:06:04', '2026-02-26 17:06:04');
INSERT INTO `sys_org` VALUES (5, '技术开发科', 'TDD', 3, 3, 1, 1, 1, '2026-02-26 17:06:04', '2026-02-26 17:21:53');
INSERT INTO `sys_org` VALUES (6, '运行维护科', 'OMD', 3, 3, 2, 1, 1, '2026-02-26 17:06:04', '2026-02-26 17:21:55');
INSERT INTO `sys_org` VALUES (7, '数据分析部', 'bj-sjfxb', 2, 3, 0, 1, 0, '2026-02-26 17:22:08', '2026-02-26 17:22:08');
UNLOCK TABLES;

--
-- Table structure for table `sys_post`
--
DROP TABLE IF EXISTS `sys_post`;
CREATE TABLE `sys_post` (
  `id` bigint NOT NULL AUTO_INCREMENT,
  `post_code` varchar(64) NOT NULL,
  `post_name` varchar(50) NOT NULL,
  `post_sort` int DEFAULT '0',
  `status` tinyint DEFAULT '1',
  `deleted` tinyint DEFAULT '0',
  `create_time` datetime DEFAULT CURRENT_TIMESTAMP,
  `update_time` datetime DEFAULT CURRENT_TIMESTAMP ON UPDATE CURRENT_TIMESTAMP,
  PRIMARY KEY (`id`),
  UNIQUE KEY `post_code` (`post_code`),
  KEY `idx_post_code` (`post_code`),
  KEY `idx_status` (`status`)
) ENGINE=InnoDB DEFAULT CHARSET=utf8mb4 COLLATE=utf8mb4_0900_ai_ci;

--
-- Table structure for table `sys_role`
--
DROP TABLE IF EXISTS `sys_role`;
CREATE TABLE `sys_role` (
  `id` bigint NOT NULL AUTO_INCREMENT,
  `role_name` varchar(50) NOT NULL,
  `role_code` varchar(50) NOT NULL,
  `description` varchar(200) DEFAULT NULL,
  `status` tinyint DEFAULT '1',
  `deleted` tinyint DEFAULT '0',
  `create_time` datetime DEFAULT CURRENT_TIMESTAMP,
  `update_time` datetime DEFAULT CURRENT_TIMESTAMP ON UPDATE CURRENT_TIMESTAMP,
  PRIMARY KEY (`id`),
  UNIQUE KEY `role_code` (`role_code`),
  KEY `idx_role_code` (`role_code`),
  KEY `idx_status` (`status`)
) ENGINE=InnoDB AUTO_INCREMENT=3 DEFAULT CHARSET=utf8mb4 COLLATE=utf8mb4_0900_ai_ci;

--
-- Dumping data for table `sys_role`
--
LOCK TABLES `sys_role` WRITE;
INSERT INTO `sys_role` VALUES (1, 'SUPER_ADMIN', 'SUPER_ADMIN', 'all permissions', 1, 0, '2026-02-26 17:06:04', '2026-02-26 17:06:04');
INSERT INTO `sys_role` VALUES (2, 'USER', 'USER', 'normal user', 1, 0, '2026-02-26 17:06:04', '2026-02-26 17:06:04');
UNLOCK TABLES;

--
-- Table structure for table `sys_role_menu`
--
DROP TABLE IF EXISTS `sys_role_menu`;
CREATE TABLE `sys_role_menu` (
  `id` bigint NOT NULL AUTO_INCREMENT,
  `role_id` bigint NOT NULL,
  `menu_id` bigint NOT NULL,
  `create_time` datetime DEFAULT CURRENT_TIMESTAMP,
  PRIMARY KEY (`id`),
  UNIQUE KEY `uk_role_menu` (`role_id`,`menu_id`),
  KEY `idx_role_id` (`role_id`),
  KEY `idx_menu_id` (`menu_id`)
) ENGINE=InnoDB AUTO_INCREMENT=32 DEFAULT CHARSET=utf8mb4 COLLATE=utf8mb4_0900_ai_ci;

--
-- Dumping data for table `sys_role_menu`
--
LOCK TABLES `sys_role_menu` WRITE;
INSERT INTO `sys_role_menu` VALUES (1, 1, 1, '2026-02-26 17:06:04');
INSERT INTO `sys_role_menu` VALUES (2, 1, 2, '2026-02-26 17:06:04');
INSERT INTO `sys_role_menu` VALUES (3, 1, 3, '2026-02-26 17:06:04');
INSERT INTO `sys_role_menu` VALUES (4, 1, 4, '2026-02-26 17:06:04');
INSERT INTO `sys_role_menu` VALUES (5, 1, 5, '2026-02-26 17:06:04');
INSERT INTO `sys_role_menu` VALUES (6, 1, 6, '2026-02-26 17:06:04');
INSERT INTO `sys_role_menu` VALUES (7, 1, 7, '2026-02-26 17:06:04');
INSERT INTO `sys_role_menu` VALUES (8, 1, 11, '2026-02-26 17:06:04');
INSERT INTO `sys_role_menu` VALUES (9, 1, 12, '2026-02-26 17:06:04');
INSERT INTO `sys_role_menu` VALUES (10, 1, 21, '2026-02-26 17:06:04');
INSERT INTO `sys_role_menu` VALUES (11, 1, 22, '2026-02-26 17:06:04');
INSERT INTO `sys_role_menu` VALUES (12, 1, 23, '2026-02-26 17:06:04');
INSERT INTO `sys_role_menu` VALUES (13, 1, 24, '2026-02-26 17:06:04');
INSERT INTO `sys_role_menu` VALUES (14, 1, 111, '2026-02-26 17:06:04');
INSERT INTO `sys_role_menu` VALUES (15, 1, 112, '2026-02-26 17:06:04');
INSERT INTO `sys_role_menu` VALUES (16, 1, 113, '2026-02-26 17:06:04');
INSERT INTO `sys_role_menu` VALUES (17, 1, 121, '2026-02-26 17:06:04');
INSERT INTO `sys_role_menu` VALUES (18, 1, 122, '2026-02-26 17:06:04');
INSERT INTO `sys_role_menu` VALUES (19, 1, 123, '2026-02-26 17:06:04');
INSERT INTO `sys_role_menu` VALUES (20, 1, 124, '2026-02-26 17:06:04');
UNLOCK TABLES;

--
-- Table structure for table `sys_user`
--
DROP TABLE IF EXISTS `sys_user`;
CREATE TABLE `sys_user` (
  `id` bigint NOT NULL AUTO_INCREMENT,
  `username` varchar(50) NOT NULL,
  `password` varchar(100) NOT NULL,
  `real_name` varchar(50) DEFAULT NULL,
  `phone` varchar(20) DEFAULT NULL,
  `email` varchar(100) DEFAULT NULL,
  `org_id` bigint DEFAULT NULL,
  `post_id` bigint DEFAULT NULL,
  `eoa_id` varchar(50) DEFAULT NULL,
  `usap_account` varchar(50) DEFAULT NULL,
  `status` tinyint DEFAULT '1',
  `deleted` tinyint DEFAULT '0',
  `create_time` datetime DEFAULT CURRENT_TIMESTAMP,
  `update_time` datetime DEFAULT CURRENT_TIMESTAMP ON UPDATE CURRENT_TIMESTAMP,
  PRIMARY KEY (`id`),
  UNIQUE KEY `username` (`username`),
  KEY `idx_username` (`username`),
  KEY `idx_org_id` (`org_id`),
  KEY `idx_status` (`status`)
) ENGINE=InnoDB AUTO_INCREMENT=2 DEFAULT CHARSET=utf8mb4 COLLATE=utf8mb4_0900_ai_ci;

--
-- Dumping data for table `sys_user`
--
LOCK TABLES `sys_user` WRITE;
INSERT INTO `sys_user` VALUES (1, 'admin', '$2a$10$7JB720yubVSZvUI0rEqK/.VqGOZTH.ulu33dHOiBE8ByOhJIrdAu2', '管理员', '13800138000', 'admin@abchina.com.cn', 4, NULL, NULL, NULL, 1, 0, '2026-02-26 17:06:04', '2026-02-26 17:06:04');
UNLOCK TABLES;

--
-- Table structure for table `sys_user_role`
--
DROP TABLE IF EXISTS `sys_user_role`;
CREATE TABLE `sys_user_role` (
  `id` bigint NOT NULL AUTO_INCREMENT,
  `user_id` bigint NOT NULL,
  `role_id` bigint NOT NULL,
  `create_time` datetime DEFAULT CURRENT_TIMESTAMP,
  PRIMARY KEY (`id`),
  UNIQUE KEY `uk_user_role` (`user_id`,`role_id`),
  KEY `idx_user_id` (`user_id`),
  KEY `idx_role_id` (`role_id`)
) ENGINE=InnoDB AUTO_INCREMENT=2 DEFAULT CHARSET=utf8mb4 COLLATE=utf8mb4_0900_ai_ci;

--
-- Dumping data for table `sys_user_role`
--
LOCK TABLES `sys_user_role` WRITE;
INSERT INTO `sys_user_role` VALUES (1, 1, 1, '2026-02-26 17:06:04');
UNLOCK TABLES;

SET FOREIGN_KEY_CHECKS = 1;
